[
  {
    "platform" : "",
    "searchTime" : "2022-09-12T00:00:24.221Z[UTC]",
    "searchQuery" : "b",
    "searchInteractionURIs" : [
    ]
  },
  {
    "platform" : "",
    "searchTime" : "2022-09-12T00:00:26.314Z[UTC]",
    "searchQuery" : "bu",
    "searchInteractionURIs" : [
    ]
  },
  {
    "platform" : "IPHONE_ARM64",
    "searchTime" : "2022-09-12T00:00:26.487Z[UTC]",
    "searchQuery" : "bu",
    "searchInteractionURIs" : [
    ]
  },
  {
    "platform" : "",
    "searchTime" : "2022-09-12T00:00:26.503Z[UTC]",
    "searchQuery" : "bun",
    "searchInteractionURIs" : [
    ]
  },
  {
    "platform" : "IPHONE",
    "searchTime" : "2022-09-12T00:00:26.680Z[UTC]",
    "searchQuery" : "bun",
    "searchInteractionURIs" : [
      "spotify:show:5fqTMhGPFmUnUvkM8tjKy2"
    ]
  },
  {
    "platform" : "",
    "searchTime" : "2022-09-14T00:59:32.429Z[UTC]",
    "searchQuery" : "i",
    "searchInteractionURIs" : [
    ]
  },
  {
    "platform" : "",
    "searchTime" : "2022-09-14T00:59:32.673Z[UTC]",
    "searchQuery" : "i ",
    "searchInteractionURIs" : [
    ]
  },
  {
    "platform" : "",
    "searchTime" : "2022-09-14T00:59:32.991Z[UTC]",
    "searchQuery" : "i got",
    "searchInteractionURIs" : [
    ]
  },
  {
    "platform" : "",
    "searchTime" : "2022-09-14T00:59:33.006Z[UTC]",
    "searchQuery" : "i go",
    "searchInteractionURIs" : [
    ]
  },
  {
    "platform" : "",
    "searchTime" : "2022-09-14T00:59:33.017Z[UTC]",
    "searchQuery" : "i g",
    "searchInteractionURIs" : [
    ]
  },
  {
    "platform" : "IPHONE_ARM64",
    "searchTime" : "2022-09-14T00:59:33.102Z[UTC]",
    "searchQuery" : "i g",
    "searchInteractionURIs" : [
    ]
  },
  {
    "platform" : "",
    "searchTime" : "2022-09-14T00:59:33.460Z[UTC]",
    "searchQuery" : "i got ",
    "searchInteractionURIs" : [
    ]
  },
  {
    "platform" : "",
    "searchTime" : "2022-09-14T00:59:33.612Z[UTC]",
    "searchQuery" : "i got a",
    "searchInteractionURIs" : [
    ]
  },
  {
    "platform" : "",
    "searchTime" : "2022-09-14T00:59:33.620Z[UTC]",
    "searchQuery" : "i got a ",
    "searchInteractionURIs" : [
    ]
  },
  {
    "platform" : "IPHONE_ARM64",
    "searchTime" : "2022-09-14T00:59:33.743Z[UTC]",
    "searchQuery" : "i got a",
    "searchInteractionURIs" : [
    ]
  },
  {
    "platform" : "",
    "searchTime" : "2022-09-14T00:59:34.392Z[UTC]",
    "searchQuery" : "i got a f",
    "searchInteractionURIs" : [
    ]
  },
  {
    "platform" : "",
    "searchTime" : "2022-09-14T00:59:34.473Z[UTC]",
    "searchQuery" : "i got a fe",
    "searchInteractionURIs" : [
    ]
  },
  {
    "platform" : "",
    "searchTime" : "2022-09-14T00:59:34.502Z[UTC]",
    "searchQuery" : "i got a fee",
    "searchInteractionURIs" : [
    ]
  },
  {
    "platform" : "IPHONE",
    "searchTime" : "2022-09-14T00:59:34.668Z[UTC]",
    "searchQuery" : "i got a fee",
    "searchInteractionURIs" : [
      "spotify:track:2H1047e0oMSj10dgp7p2VG"
    ]
  },
  {
    "platform" : "",
    "searchTime" : "2022-09-14T00:59:35.579Z[UTC]",
    "searchQuery" : "i got a feel",
    "searchInteractionURIs" : [
    ]
  },
  {
    "platform" : "",
    "searchTime" : "2022-09-16T00:06:52.498Z[UTC]",
    "searchQuery" : "g",
    "searchInteractionURIs" : [
    ]
  },
  {
    "platform" : "",
    "searchTime" : "2022-09-16T00:06:52.721Z[UTC]",
    "searchQuery" : "go",
    "searchInteractionURIs" : [
    ]
  },
  {
    "platform" : "",
    "searchTime" : "2022-09-16T00:06:53.244Z[UTC]",
    "searchQuery" : "gord",
    "searchInteractionURIs" : [
    ]
  },
  {
    "platform" : "",
    "searchTime" : "2022-09-16T00:06:53.270Z[UTC]",
    "searchQuery" : "gor",
    "searchInteractionURIs" : [
    ]
  },
  {
    "platform" : "",
    "searchTime" : "2022-09-16T00:06:53.403Z[UTC]",
    "searchQuery" : "gordi",
    "searchInteractionURIs" : [
    ]
  },
  {
    "platform" : "IPHONE",
    "searchTime" : "2022-09-16T00:06:54.057Z[UTC]",
    "searchQuery" : "gordi",
    "searchInteractionURIs" : [
      "spotify:artist:6UBMFaCTZnL1Hr1nTOEblM"
    ]
  },
  {
    "platform" : "IPHONE",
    "searchTime" : "2022-09-16T12:48:38.679Z[UTC]",
    "searchQuery" : "death",
    "searchInteractionURIs" : [
      "spotify:artist:0YrtvWJMgSdVrk3SfNjTbx"
    ]
  },
  {
    "platform" : "IPHONE_ARM64",
    "searchTime" : "2022-09-17T21:15:31.922Z[UTC]",
    "searchQuery" : "ch",
    "searchInteractionURIs" : [
    ]
  },
  {
    "platform" : "IPHONE",
    "searchTime" : "2022-09-17T21:15:32.753Z[UTC]",
    "searchQuery" : "chey",
    "searchInteractionURIs" : [
      "spotify:artist:6UcJxoeHWWWyT5HZP064om"
    ]
  },
  {
    "platform" : "IPHONE",
    "searchTime" : "2022-09-17T21:16:45.114Z[UTC]",
    "searchQuery" : "adi o",
    "searchInteractionURIs" : [
      "spotify:artist:5RRfTrwXUGYiBB0DMV4hyh"
    ]
  },
  {
    "platform" : "IPHONE_ARM64",
    "searchTime" : "2022-09-18T14:56:45.861Z[UTC]",
    "searchQuery" : "ch",
    "searchInteractionURIs" : [
    ]
  },
  {
    "platform" : "IPHONE",
    "searchTime" : "2022-09-18T14:56:46.792Z[UTC]",
    "searchQuery" : "chet ",
    "searchInteractionURIs" : [
      "spotify:artist:6UcJxoeHWWWyT5HZP064om"
    ]
  },
  {
    "platform" : "WIN32_X86",
    "searchTime" : "2022-09-21T15:02:05.105Z[UTC]",
    "searchQuery" : "iron & wine",
    "searchInteractionURIs" : [
    ]
  },
  {
    "platform" : "IPHONE_ARM64",
    "searchTime" : "2022-09-21T23:37:28.975Z[UTC]",
    "searchQuery" : "ex",
    "searchInteractionURIs" : [
    ]
  },
  {
    "platform" : "IPHONE",
    "searchTime" : "2022-09-21T23:37:30.360Z[UTC]",
    "searchQuery" : "ezra",
    "searchInteractionURIs" : [
      "spotify:show:3oB5noYIwEB2dMAREj2F7S"
    ]
  },
  {
    "platform" : "IPHONE_ARM64",
    "searchTime" : "2022-09-21T23:55:53.532Z[UTC]",
    "searchQuery" : "how to really kno",
    "searchInteractionURIs" : [
    ]
  },
  {
    "platform" : "IPHONE",
    "searchTime" : "2022-09-21T23:55:53.587Z[UTC]",
    "searchQuery" : "how to really know",
    "searchInteractionURIs" : [
      "spotify:episode:3qKsfZFdrD6FtYEoeAPfvC"
    ]
  },
  {
    "platform" : "",
    "searchTime" : "2022-09-22T00:40:43.312Z[UTC]",
    "searchQuery" : "s",
    "searchInteractionURIs" : [
    ]
  },
  {
    "platform" : "",
    "searchTime" : "2022-09-22T00:40:43.401Z[UTC]",
    "searchQuery" : "sh",
    "searchInteractionURIs" : [
    ]
  },
  {
    "platform" : "",
    "searchTime" : "2022-09-22T00:40:43.495Z[UTC]",
    "searchQuery" : "sha",
    "searchInteractionURIs" : [
    ]
  },
  {
    "platform" : "",
    "searchTime" : "2022-09-22T00:40:43.620Z[UTC]",
    "searchQuery" : "sham",
    "searchInteractionURIs" : [
    ]
  },
  {
    "platform" : "",
    "searchTime" : "2022-09-22T00:40:43.710Z[UTC]",
    "searchQuery" : "shame",
    "searchInteractionURIs" : [
    ]
  },
  {
    "platform" : "",
    "searchTime" : "2022-09-22T00:40:44.133Z[UTC]",
    "searchQuery" : "shamel",
    "searchInteractionURIs" : [
    ]
  },
  {
    "platform" : "",
    "searchTime" : "2022-09-22T00:40:44.234Z[UTC]",
    "searchQuery" : "shamele",
    "searchInteractionURIs" : [
    ]
  },
  {
    "platform" : "IPHONE",
    "searchTime" : "2022-09-22T00:40:44.490Z[UTC]",
    "searchQuery" : "shamele",
    "searchInteractionURIs" : [
      "spotify:playlist:20LrSXJhHADAyUUEl56dyO"
    ]
  },
  {
    "platform" : "IPHONE",
    "searchTime" : "2022-09-24T13:22:42.835Z[UTC]",
    "searchQuery" : "gla",
    "searchInteractionURIs" : [
      "spotify:artist:4yvcSjfu4PC0CYQyLy4wSq",
      "spotify:artist:4yvcSjfu4PC0CYQyLy4wSq"
    ]
  },
  {
    "platform" : "IPHONE_ARM64",
    "searchTime" : "2022-09-25T12:49:30.234Z[UTC]",
    "searchQuery" : "w",
    "searchInteractionURIs" : [
    ]
  },
  {
    "platform" : "IPHONE",
    "searchTime" : "2022-09-25T12:49:31.037Z[UTC]",
    "searchQuery" : "wat",
    "searchInteractionURIs" : [
      "spotify:artist:3mJ9GlkLzj8Ka7Z7EQaCMi"
    ]
  },
  {
    "platform" : "IPHONE",
    "searchTime" : "2022-09-25T16:52:58.194Z[UTC]",
    "searchQuery" : "bon iver",
    "searchInteractionURIs" : [
      "spotify:artist:4LEiUm1SRbFMgfqnQTwUbQ"
    ]
  },
  {
    "platform" : "IPHONE_ARM64",
    "searchTime" : "2022-09-28T22:33:30.636Z[UTC]",
    "searchQuery" : "the ",
    "searchInteractionURIs" : [
    ]
  },
  {
    "platform" : "IPHONE",
    "searchTime" : "2022-09-28T22:33:31.722Z[UTC]",
    "searchQuery" : "the ar",
    "searchInteractionURIs" : [
      "spotify:show:6bmhSFLKtApYClEuSH8q42"
    ]
  },
  {
    "platform" : "IPHONE",
    "searchTime" : "2022-09-30T01:36:17.132Z[UTC]",
    "searchQuery" : "song",
    "searchInteractionURIs" : [
    ]
  },
  {
    "platform" : "IPHONE",
    "searchTime" : "2022-09-30T01:36:26.516Z[UTC]",
    "searchQuery" : "zaba",
    "searchInteractionURIs" : [
      "spotify:album:0dd6bX3CRdybDCgltyoItP",
      "spotify:album:6qb9MDR0lfsN9a2pw77uJy"
    ]
  },
  {
    "platform" : "",
    "searchTime" : "2022-10-01T00:02:19.290Z[UTC]",
    "searchQuery" : "m",
    "searchInteractionURIs" : [
    ]
  },
  {
    "platform" : "",
    "searchTime" : "2022-10-01T00:02:19.518Z[UTC]",
    "searchQuery" : "ma",
    "searchInteractionURIs" : [
    ]
  },
  {
    "platform" : "",
    "searchTime" : "2022-10-01T00:02:19.786Z[UTC]",
    "searchQuery" : "mas",
    "searchInteractionURIs" : [
    ]
  },
  {
    "platform" : "",
    "searchTime" : "2022-10-01T00:02:19.986Z[UTC]",
    "searchQuery" : "mass",
    "searchInteractionURIs" : [
    ]
  },
  {
    "platform" : "",
    "searchTime" : "2022-10-01T00:02:20.239Z[UTC]",
    "searchQuery" : "masse",
    "searchInteractionURIs" : [
    ]
  },
  {
    "platform" : "IPHONE",
    "searchTime" : "2022-10-01T00:02:20.410Z[UTC]",
    "searchQuery" : "masse",
    "searchInteractionURIs" : [
      "spotify:album:4RoOGpdrgfiIUyv0kLaC4e"
    ]
  },
  {
    "platform" : "IPHONE",
    "searchTime" : "2022-10-01T23:34:01.243Z[UTC]",
    "searchQuery" : "🍀",
    "searchInteractionURIs" : [
      "spotify:playlist:4VGz74BBwzGwu23hjU14qE"
    ]
  },
  {
    "platform" : "IPHONE_ARM64",
    "searchTime" : "2022-10-02T01:23:38.930Z[UTC]",
    "searchQuery" : "purple ye",
    "searchInteractionURIs" : [
    ]
  },
  {
    "platform" : "IPHONE",
    "searchTime" : "2022-10-02T01:23:39.885Z[UTC]",
    "searchQuery" : "purple yellow",
    "searchInteractionURIs" : [
      "spotify:track:4WMuY659P2MKnoW40oGXe8"
    ]
  },
  {
    "platform" : "IPHONE",
    "searchTime" : "2022-10-02T23:03:54.651Z[UTC]",
    "searchQuery" : "1985",
    "searchInteractionURIs" : [
      "spotify:track:0yNiaePZow0ycdrmLV0J7y",
      "spotify:track:0yNiaePZow0ycdrmLV0J7y",
      "spotify:track:2FdzIRCqzjhdxP5W99FSvS",
      "spotify:track:0yNiaePZow0ycdrmLV0J7y"
    ]
  },
  {
    "platform" : "IPHONE_ARM64",
    "searchTime" : "2022-10-02T23:05:28.230Z[UTC]",
    "searchQuery" : "he",
    "searchInteractionURIs" : [
    ]
  },
  {
    "platform" : "IPHONE",
    "searchTime" : "2022-10-02T23:05:29.716Z[UTC]",
    "searchQuery" : "heather",
    "searchInteractionURIs" : [
      "spotify:artist:3epjAWvLxTBlI9FgGCUNID"
    ]
  },
  {
    "platform" : "",
    "searchTime" : "2022-10-03T00:04:22.738Z[UTC]",
    "searchQuery" : "g",
    "searchInteractionURIs" : [
    ]
  },
  {
    "platform" : "",
    "searchTime" : "2022-10-03T00:04:23.054Z[UTC]",
    "searchQuery" : "go",
    "searchInteractionURIs" : [
    ]
  },
  {
    "platform" : "",
    "searchTime" : "2022-10-03T00:04:23.145Z[UTC]",
    "searchQuery" : "goo",
    "searchInteractionURIs" : [
    ]
  },
  {
    "platform" : "",
    "searchTime" : "2022-10-03T00:04:23.456Z[UTC]",
    "searchQuery" : "good",
    "searchInteractionURIs" : [
    ]
  },
  {
    "platform" : "",
    "searchTime" : "2022-10-03T00:04:23.456Z[UTC]",
    "searchQuery" : "good ",
    "searchInteractionURIs" : [
    ]
  },
  {
    "platform" : "",
    "searchTime" : "2022-10-03T00:04:24.103Z[UTC]",
    "searchQuery" : "good g",
    "searchInteractionURIs" : [
    ]
  },
  {
    "platform" : "",
    "searchTime" : "2022-10-03T00:04:24.103Z[UTC]",
    "searchQuery" : "good gr",
    "searchInteractionURIs" : [
    ]
  },
  {
    "platform" : "",
    "searchTime" : "2022-10-03T00:04:24.262Z[UTC]",
    "searchQuery" : "good gri",
    "searchInteractionURIs" : [
    ]
  },
  {
    "platform" : "",
    "searchTime" : "2022-10-03T00:04:24.270Z[UTC]",
    "searchQuery" : "good grie",
    "searchInteractionURIs" : [
    ]
  },
  {
    "platform" : "",
    "searchTime" : "2022-10-03T00:04:24.585Z[UTC]",
    "searchQuery" : "good grief",
    "searchInteractionURIs" : [
    ]
  },
  {
    "platform" : "IPHONE",
    "searchTime" : "2022-10-03T00:04:24.805Z[UTC]",
    "searchQuery" : "good grief",
    "searchInteractionURIs" : [
      "spotify:album:04AoJc9Z5y2fwSjmMBmGXj"
    ]
  },
  {
    "platform" : "",
    "searchTime" : "2022-10-03T00:05:58.227Z[UTC]",
    "searchQuery" : "m",
    "searchInteractionURIs" : [
    ]
  },
  {
    "platform" : "",
    "searchTime" : "2022-10-03T00:28:57.760Z[UTC]",
    "searchQuery" : "h",
    "searchInteractionURIs" : [
    ]
  },
  {
    "platform" : "IPHONE_ARM64",
    "searchTime" : "2022-10-03T00:28:57.959Z[UTC]",
    "searchQuery" : "h",
    "searchInteractionURIs" : [
    ]
  },
  {
    "platform" : "",
    "searchTime" : "2022-10-03T00:28:58.163Z[UTC]",
    "searchQuery" : "ho",
    "searchInteractionURIs" : [
    ]
  },
  {
    "platform" : "",
    "searchTime" : "2022-10-03T00:28:58.295Z[UTC]",
    "searchQuery" : "how",
    "searchInteractionURIs" : [
    ]
  },
  {
    "platform" : "",
    "searchTime" : "2022-10-03T00:28:58.489Z[UTC]",
    "searchQuery" : "how ",
    "searchInteractionURIs" : [
    ]
  },
  {
    "platform" : "",
    "searchTime" : "2022-10-03T00:28:58.930Z[UTC]",
    "searchQuery" : "how t",
    "searchInteractionURIs" : [
    ]
  },
  {
    "platform" : "",
    "searchTime" : "2022-10-03T00:28:58.969Z[UTC]",
    "searchQuery" : "how to",
    "searchInteractionURIs" : [
    ]
  },
  {
    "platform" : "IPHONE_ARM64",
    "searchTime" : "2022-10-03T00:28:59.027Z[UTC]",
    "searchQuery" : "how t",
    "searchInteractionURIs" : [
    ]
  },
  {
    "platform" : "IPHONE",
    "searchTime" : "2022-10-03T00:28:59.395Z[UTC]",
    "searchQuery" : "how to",
    "searchInteractionURIs" : [
      "spotify:album:6qb9MDR0lfsN9a2pw77uJy"
    ]
  },
  {
    "platform" : "",
    "searchTime" : "2022-10-03T00:29:13.806Z[UTC]",
    "searchQuery" : "w",
    "searchInteractionURIs" : [
    ]
  },
  {
    "platform" : "",
    "searchTime" : "2022-10-03T00:29:13.890Z[UTC]",
    "searchQuery" : "we",
    "searchInteractionURIs" : [
    ]
  },
  {
    "platform" : "",
    "searchTime" : "2022-10-03T00:29:14.236Z[UTC]",
    "searchQuery" : "we ",
    "searchInteractionURIs" : [
    ]
  },
  {
    "platform" : "",
    "searchTime" : "2022-10-03T00:29:14.591Z[UTC]",
    "searchQuery" : "we h",
    "searchInteractionURIs" : [
    ]
  },
  {
    "platform" : "",
    "searchTime" : "2022-10-03T00:29:15.202Z[UTC]",
    "searchQuery" : "we ha",
    "searchInteractionURIs" : [
    ]
  },
  {
    "platform" : "IPHONE",
    "searchTime" : "2022-10-03T00:29:15.495Z[UTC]",
    "searchQuery" : "we ha",
    "searchInteractionURIs" : [
      "spotify:album:3cTgMg4hxwFyUuJlcB2cS2"
    ]
  },
  {
    "platform" : "IPHONE",
    "searchTime" : "2022-10-03T03:08:45.426Z[UTC]",
    "searchQuery" : "gordi",
    "searchInteractionURIs" : [
      "spotify:artist:6UBMFaCTZnL1Hr1nTOEblM"
    ]
  },
  {
    "platform" : "WIN32_X86",
    "searchTime" : "2022-10-04T17:49:45.722Z[UTC]",
    "searchQuery" : "au",
    "searchInteractionURIs" : [
    ]
  },
  {
    "platform" : "WIN32_X86",
    "searchTime" : "2022-10-04T17:49:46.265Z[UTC]",
    "searchQuery" : "aunt ",
    "searchInteractionURIs" : [
    ]
  },
  {
    "platform" : "IPHONE",
    "searchTime" : "2022-10-04T21:29:20.628Z[UTC]",
    "searchQuery" : "fiv",
    "searchInteractionURIs" : [
      "spotify:show:3C0iP88KSoGZk5KNWmuyF1"
    ]
  },
  {
    "platform" : "",
    "searchTime" : "2022-10-06T00:50:53.772Z[UTC]",
    "searchQuery" : "b",
    "searchInteractionURIs" : [
    ]
  },
  {
    "platform" : "",
    "searchTime" : "2022-10-06T00:50:54.120Z[UTC]",
    "searchQuery" : "bu",
    "searchInteractionURIs" : [
    ]
  },
  {
    "platform" : "",
    "searchTime" : "2022-10-06T00:50:54.492Z[UTC]",
    "searchQuery" : "bun",
    "searchInteractionURIs" : [
    ]
  },
  {
    "platform" : "",
    "searchTime" : "2022-10-06T00:50:54.664Z[UTC]",
    "searchQuery" : "bund",
    "searchInteractionURIs" : [
    ]
  },
  {
    "platform" : "",
    "searchTime" : "2022-10-06T00:50:55.173Z[UTC]",
    "searchQuery" : "bundy",
    "searchInteractionURIs" : [
    ]
  },
  {
    "platform" : "IPHONE",
    "searchTime" : "2022-10-06T00:50:55.542Z[UTC]",
    "searchQuery" : "bundy",
    "searchInteractionURIs" : [
      "spotify:show:5fqTMhGPFmUnUvkM8tjKy2"
    ]
  },
  {
    "platform" : "IPHONE",
    "searchTime" : "2022-10-07T11:03:58.181Z[UTC]",
    "searchQuery" : "autumn",
    "searchInteractionURIs" : [
    ]
  },
  {
    "platform" : "IPHONE",
    "searchTime" : "2022-10-07T11:04:08.136Z[UTC]",
    "searchQuery" : "shamel",
    "searchInteractionURIs" : [
      "spotify:playlist:20LrSXJhHADAyUUEl56dyO"
    ]
  },
  {
    "platform" : "",
    "searchTime" : "2022-10-08T00:44:36.254Z[UTC]",
    "searchQuery" : "ho",
    "searchInteractionURIs" : [
    ]
  },
  {
    "platform" : "",
    "searchTime" : "2022-10-08T00:44:36.782Z[UTC]",
    "searchQuery" : "hoz",
    "searchInteractionURIs" : [
    ]
  },
  {
    "platform" : "",
    "searchTime" : "2022-10-08T00:44:36Z[UTC]",
    "searchQuery" : "h",
    "searchInteractionURIs" : [
    ]
  },
  {
    "platform" : "",
    "searchTime" : "2022-10-08T00:44:37.069Z[UTC]",
    "searchQuery" : "hozi",
    "searchInteractionURIs" : [
    ]
  },
  {
    "platform" : "IPHONE_ARM64",
    "searchTime" : "2022-10-08T00:44:37.114Z[UTC]",
    "searchQuery" : "hoz",
    "searchInteractionURIs" : [
    ]
  },
  {
    "platform" : "",
    "searchTime" : "2022-10-08T00:44:37.554Z[UTC]",
    "searchQuery" : "hozie",
    "searchInteractionURIs" : [
    ]
  },
  {
    "platform" : "",
    "searchTime" : "2022-10-08T00:44:37.749Z[UTC]",
    "searchQuery" : "hozier",
    "searchInteractionURIs" : [
    ]
  },
  {
    "platform" : "IPHONE",
    "searchTime" : "2022-10-08T00:44:38.271Z[UTC]",
    "searchQuery" : "hozier",
    "searchInteractionURIs" : [
      "spotify:artist:2FXC3k01G6Gw61bmprjgqS"
    ]
  },
  {
    "platform" : "IPHONE_ARM64",
    "searchTime" : "2022-10-08T01:58:31.493Z[UTC]",
    "searchQuery" : "we",
    "searchInteractionURIs" : [
    ]
  },
  {
    "platform" : "IPHONE",
    "searchTime" : "2022-10-08T01:58:35.708Z[UTC]",
    "searchQuery" : "we were together",
    "searchInteractionURIs" : [
      "spotify:track:7sKg1Gb3NrVLVtcBFiWh3f"
    ]
  },
  {
    "platform" : "IPHONE",
    "searchTime" : "2022-10-08T02:01:08.458Z[UTC]",
    "searchQuery" : "magenta",
    "searchInteractionURIs" : [
      "spotify:track:23azGRczkSa6JF9JKKiBh2"
    ]
  },
  {
    "platform" : "IPHONE",
    "searchTime" : "2022-10-08T02:01:29.068Z[UTC]",
    "searchQuery" : "pork",
    "searchInteractionURIs" : [
      "spotify:track:5C5gvDZsl6d8bh89URfKHr"
    ]
  },
  {
    "platform" : "IPHONE_ARM64",
    "searchTime" : "2022-10-08T02:01:36.324Z[UTC]",
    "searchQuery" : "blq",
    "searchInteractionURIs" : [
    ]
  },
  {
    "platform" : "IPHONE_ARM64",
    "searchTime" : "2022-10-08T02:01:36.975Z[UTC]",
    "searchQuery" : "blqck ",
    "searchInteractionURIs" : [
    ]
  },
  {
    "platform" : "IPHONE",
    "searchTime" : "2022-10-08T02:01:37.946Z[UTC]",
    "searchQuery" : "blqck mam",
    "searchInteractionURIs" : [
      "spotify:track:1FhvSbjZmQQ5qeKXo6JilC"
    ]
  },
  {
    "platform" : "IPHONE",
    "searchTime" : "2022-10-08T02:33:40.018Z[UTC]",
    "searchQuery" : "bono",
    "searchInteractionURIs" : [
      "spotify:artist:0cmWgDlu9CwTgxPhf403hb"
    ]
  },
  {
    "platform" : "IPHONE",
    "searchTime" : "2022-10-08T02:43:39.527Z[UTC]",
    "searchQuery" : "the eye ",
    "searchInteractionURIs" : [
      "spotify:track:0Plf9mewMoYkwEvncCjfxS"
    ]
  },
  {
    "platform" : "IPHONE_ARM64",
    "searchTime" : "2022-10-08T03:44:15.194Z[UTC]",
    "searchQuery" : "danc",
    "searchInteractionURIs" : [
    ]
  },
  {
    "platform" : "IPHONE",
    "searchTime" : "2022-10-08T03:44:15.483Z[UTC]",
    "searchQuery" : "dance",
    "searchInteractionURIs" : [
    ]
  },
  {
    "platform" : "IPHONE",
    "searchTime" : "2022-10-08T03:59:25.019Z[UTC]",
    "searchQuery" : "abba",
    "searchInteractionURIs" : [
      "spotify:artist:0LcJLqbBmaGUft1e9Mm8HV"
    ]
  },
  {
    "platform" : "IPHONE",
    "searchTime" : "2022-10-08T04:21:12.298Z[UTC]",
    "searchQuery" : "in the end",
    "searchInteractionURIs" : [
      "spotify:track:60a0Rd6pjrkxjPbaKzXjfq"
    ]
  },
  {
    "platform" : "IPHONE_ARM64",
    "searchTime" : "2022-10-08T04:22:05.154Z[UTC]",
    "searchQuery" : "avril",
    "searchInteractionURIs" : [
    ]
  },
  {
    "platform" : "IPHONE",
    "searchTime" : "2022-10-08T04:22:05.706Z[UTC]",
    "searchQuery" : "avril ",
    "searchInteractionURIs" : [
      "spotify:artist:0p4nmQO2msCgU4IF37Wi3j"
    ]
  },
  {
    "platform" : "IPHONE_ARM64",
    "searchTime" : "2022-10-08T04:24:10.681Z[UTC]",
    "searchQuery" : "para",
    "searchInteractionURIs" : [
    ]
  },
  {
    "platform" : "IPHONE_ARM64",
    "searchTime" : "2022-10-08T04:24:11.634Z[UTC]",
    "searchQuery" : "param",
    "searchInteractionURIs" : [
    ]
  },
  {
    "platform" : "IPHONE",
    "searchTime" : "2022-10-08T04:24:11.977Z[UTC]",
    "searchQuery" : "paramo",
    "searchInteractionURIs" : [
      "spotify:artist:74XFHRwlV6OrjEM0A2NCMF"
    ]
  },
  {
    "platform" : "IPHONE_ARM64",
    "searchTime" : "2022-10-08T04:27:04.834Z[UTC]",
    "searchQuery" : "am",
    "searchInteractionURIs" : [
    ]
  },
  {
    "platform" : "IPHONE",
    "searchTime" : "2022-10-08T04:27:11.128Z[UTC]",
    "searchQuery" : "boulevard",
    "searchInteractionURIs" : [
      "spotify:track:5GorCbAP4aL0EJ16frG2hd"
    ]
  },
  {
    "platform" : "IPHONE",
    "searchTime" : "2022-10-08T04:29:16.267Z[UTC]",
    "searchQuery" : "shania tw",
    "searchInteractionURIs" : [
    ]
  },
  {
    "platform" : "IPHONE_ARM64",
    "searchTime" : "2022-10-08T04:29:16.624Z[UTC]",
    "searchQuery" : "shania t",
    "searchInteractionURIs" : [
    ]
  },
  {
    "platform" : "IPHONE",
    "searchTime" : "2022-10-08T04:29:21.579Z[UTC]",
    "searchQuery" : "black eyed",
    "searchInteractionURIs" : [
      "spotify:artist:1yxSLGMDHlW21z4YXirZDS"
    ]
  },
  {
    "platform" : "IPHONE_ARM64",
    "searchTime" : "2022-10-08T04:29:32.095Z[UTC]",
    "searchQuery" : "my h",
    "searchInteractionURIs" : [
    ]
  },
  {
    "platform" : "IPHONE_ARM64",
    "searchTime" : "2022-10-08T04:29:32.423Z[UTC]",
    "searchQuery" : "my hu",
    "searchInteractionURIs" : [
    ]
  },
  {
    "platform" : "IPHONE",
    "searchTime" : "2022-10-08T04:29:33.054Z[UTC]",
    "searchQuery" : "my humos",
    "searchInteractionURIs" : [
      "spotify:track:19JdbdEwQI7bCxefMokZO8"
    ]
  },
  {
    "platform" : "IPHONE_ARM64",
    "searchTime" : "2022-10-08T04:31:30.629Z[UTC]",
    "searchQuery" : "my humos",
    "searchInteractionURIs" : [
    ]
  },
  {
    "platform" : "LINUX_X86_64",
    "searchTime" : "2022-10-08T18:44:10.561Z[UTC]",
    "searchQuery" : "gordi",
    "searchInteractionURIs" : [
    ]
  },
  {
    "platform" : "IPHONE",
    "searchTime" : "2022-10-09T02:05:54.088Z[UTC]",
    "searchQuery" : "bun",
    "searchInteractionURIs" : [
      "spotify:show:5fqTMhGPFmUnUvkM8tjKy2"
    ]
  },
  {
    "platform" : "IPHONE",
    "searchTime" : "2022-10-09T02:29:06.147Z[UTC]",
    "searchQuery" : "not ne",
    "searchInteractionURIs" : [
      "spotify:playlist:2520vlOkGLbF3ja652Yg2x"
    ]
  },
  {
    "platform" : "IPHONE",
    "searchTime" : "2022-10-14T14:46:41.588Z[UTC]",
    "searchQuery" : "currents",
    "searchInteractionURIs" : [
    ]
  },
  {
    "platform" : "IPHONE",
    "searchTime" : "2022-10-14T18:28:38.377Z[UTC]",
    "searchQuery" : "for ",
    "searchInteractionURIs" : [
      "spotify:album:7EJ0OT5ZqybXxcYRa6mccM"
    ]
  },
  {
    "platform" : "IPHONE",
    "searchTime" : "2022-10-14T18:29:10.030Z[UTC]",
    "searchQuery" : "th",
    "searchInteractionURIs" : [
    ]
  },
  {
    "platform" : "IPHONE",
    "searchTime" : "2022-10-14T18:29:13.248Z[UTC]",
    "searchQuery" : "bon iv",
    "searchInteractionURIs" : [
      "spotify:artist:4LEiUm1SRbFMgfqnQTwUbQ"
    ]
  },
  {
    "platform" : "IPHONE_ARM64",
    "searchTime" : "2022-10-16T15:36:09.572Z[UTC]",
    "searchQuery" : "d",
    "searchInteractionURIs" : [
    ]
  },
  {
    "platform" : "IPHONE",
    "searchTime" : "2022-10-16T15:36:10.790Z[UTC]",
    "searchQuery" : "dear",
    "searchInteractionURIs" : [
    ]
  },
  {
    "platform" : "IPHONE",
    "searchTime" : "2022-10-16T15:36:12.071Z[UTC]",
    "searchQuery" : "dea",
    "searchInteractionURIs" : [
      "spotify:artist:0YrtvWJMgSdVrk3SfNjTbx"
    ]
  },
  {
    "platform" : "IPHONE",
    "searchTime" : "2022-10-16T15:36:53.361Z[UTC]",
    "searchQuery" : "gordi",
    "searchInteractionURIs" : [
      "spotify:artist:6UBMFaCTZnL1Hr1nTOEblM"
    ]
  },
  {
    "platform" : "IPHONE",
    "searchTime" : "2022-10-16T15:37:25.180Z[UTC]",
    "searchQuery" : "lu",
    "searchInteractionURIs" : [
      "spotify:artist:1WrqUPWlHN5FXCRcQgrkas"
    ]
  },
  {
    "platform" : "IPHONE",
    "searchTime" : "2022-10-16T19:39:41.809Z[UTC]",
    "searchQuery" : "asph",
    "searchInteractionURIs" : [
      "spotify:album:2PIWPTOIxbaVSjTnc30vXS"
    ]
  },
  {
    "platform" : "IPHONE",
    "searchTime" : "2022-10-16T19:46:20.859Z[UTC]",
    "searchQuery" : "animal",
    "searchInteractionURIs" : [
      "spotify:artist:4kwxTgCKMipBKhSnEstNKj"
    ]
  },
  {
    "platform" : "IPHONE_ARM64",
    "searchTime" : "2022-10-20T12:52:30.999Z[UTC]",
    "searchQuery" : "michell",
    "searchInteractionURIs" : [
    ]
  },
  {
    "platform" : "IPHONE",
    "searchTime" : "2022-10-20T12:52:33.493Z[UTC]",
    "searchQuery" : "michelle sir ",
    "searchInteractionURIs" : [
      "spotify:track:3bTzAFtvHyDWJcIyTQijGO"
    ]
  },
  {
    "platform" : "IPHONE",
    "searchTime" : "2022-10-21T22:50:09.022Z[UTC]",
    "searchQuery" : "t",
    "searchInteractionURIs" : [
      "spotify:artist:06HL4z0CvFAxyc27GXpf02"
    ]
  },
  {
    "platform" : "IPHONE",
    "searchTime" : "2022-10-21T23:50:01.669Z[UTC]",
    "searchQuery" : "taylo",
    "searchInteractionURIs" : [
    ]
  },
  {
    "platform" : "IPHONE_ARM64",
    "searchTime" : "2022-10-23T01:32:46.049Z[UTC]",
    "searchQuery" : "f",
    "searchInteractionURIs" : [
    ]
  },
  {
    "platform" : "IPHONE_ARM64",
    "searchTime" : "2022-10-23T01:32:47.431Z[UTC]",
    "searchQuery" : "folklo",
    "searchInteractionURIs" : [
    ]
  },
  {
    "platform" : "IPHONE",
    "searchTime" : "2022-10-23T01:32:50.223Z[UTC]",
    "searchQuery" : "folklore",
    "searchInteractionURIs" : [
      "spotify:album:2fenSS68JI1h4Fo296JfGr"
    ]
  },
  {
    "platform" : "IPHONE",
    "searchTime" : "2022-10-23T16:20:23.428Z[UTC]",
    "searchQuery" : "not",
    "searchInteractionURIs" : [
      "spotify:playlist:2520vlOkGLbF3ja652Yg2x"
    ]
  },
  {
    "platform" : "IPHONE_ARM64",
    "searchTime" : "2022-10-25T01:27:51.053Z[UTC]",
    "searchQuery" : "hr",
    "searchInteractionURIs" : [
    ]
  },
  {
    "platform" : "IPHONE",
    "searchTime" : "2022-10-25T01:27:53.645Z[UTC]",
    "searchQuery" : "heavy",
    "searchInteractionURIs" : [
      "spotify:show:5c26B28vZMN8PG0Nppmn5G"
    ]
  },
  {
    "platform" : "IPHONE_ARM64",
    "searchTime" : "2022-10-29T14:57:26.729Z[UTC]",
    "searchQuery" : "t",
    "searchInteractionURIs" : [
    ]
  },
  {
    "platform" : "IPHONE_ARM64",
    "searchTime" : "2022-10-29T14:57:29.738Z[UTC]",
    "searchQuery" : "talk is ",
    "searchInteractionURIs" : [
    ]
  },
  {
    "platform" : "IPHONE",
    "searchTime" : "2022-10-29T14:57:30.097Z[UTC]",
    "searchQuery" : "talk is cheap",
    "searchInteractionURIs" : [
      "spotify:track:7jJsme36M90Cn6aYYC2l3t"
    ]
  },
  {
    "platform" : "WIN32_X86",
    "searchTime" : "2022-10-31T21:20:56.563Z[UTC]",
    "searchQuery" : "chet ",
    "searchInteractionURIs" : [
    ]
  },
  {
    "platform" : "WIN32_X86",
    "searchTime" : "2022-10-31T21:20:57.345Z[UTC]",
    "searchQuery" : "chet faker",
    "searchInteractionURIs" : [
    ]
  },
  {
    "platform" : "IPHONE",
    "searchTime" : "2022-11-03T22:59:50.173Z[UTC]",
    "searchQuery" : "samia",
    "searchInteractionURIs" : [
      "spotify:track:3wbXyVBbFXczjXcLL46GH4"
    ]
  },
  {
    "platform" : "IPHONE_ARM64",
    "searchTime" : "2022-11-03T23:01:23.216Z[UTC]",
    "searchQuery" : "sami",
    "searchInteractionURIs" : [
    ]
  },
  {
    "platform" : "IPHONE",
    "searchTime" : "2022-11-03T23:01:23.847Z[UTC]",
    "searchQuery" : "samia",
    "searchInteractionURIs" : [
      "spotify:track:3wbXyVBbFXczjXcLL46GH4",
      "spotify:playlist:37i9dQZF1DXahsxs9xh0fn"
    ]
  },
  {
    "platform" : "",
    "searchTime" : "2022-11-04T00:45:11.487Z[UTC]",
    "searchQuery" : "c",
    "searchInteractionURIs" : [
    ]
  },
  {
    "platform" : "",
    "searchTime" : "2022-11-04T00:45:11.610Z[UTC]",
    "searchQuery" : "ch",
    "searchInteractionURIs" : [
    ]
  },
  {
    "platform" : "",
    "searchTime" : "2022-11-04T00:45:12.143Z[UTC]",
    "searchQuery" : "chr",
    "searchInteractionURIs" : [
    ]
  },
  {
    "platform" : "",
    "searchTime" : "2022-11-04T00:45:12.762Z[UTC]",
    "searchQuery" : "ch",
    "searchInteractionURIs" : [
    ]
  },
  {
    "platform" : "",
    "searchTime" : "2022-11-04T00:45:13.345Z[UTC]",
    "searchQuery" : "che",
    "searchInteractionURIs" : [
    ]
  },
  {
    "platform" : "",
    "searchTime" : "2022-11-04T00:45:13.721Z[UTC]",
    "searchQuery" : "chet",
    "searchInteractionURIs" : [
    ]
  },
  {
    "platform" : "IPHONE",
    "searchTime" : "2022-11-04T00:45:13.807Z[UTC]",
    "searchQuery" : "che",
    "searchInteractionURIs" : [
      "spotify:artist:6UcJxoeHWWWyT5HZP064om"
    ]
  },
  {
    "platform" : "",
    "searchTime" : "2022-11-04T00:45:40.324Z[UTC]",
    "searchQuery" : "chetv",
    "searchInteractionURIs" : [
    ]
  },
  {
    "platform" : "",
    "searchTime" : "2022-11-04T00:45:40.417Z[UTC]",
    "searchQuery" : "chetvi",
    "searchInteractionURIs" : [
    ]
  },
  {
    "platform" : "IPHONE_ARM64",
    "searchTime" : "2022-11-04T00:45:40.451Z[UTC]",
    "searchQuery" : "chetv",
    "searchInteractionURIs" : [
    ]
  },
  {
    "platform" : "",
    "searchTime" : "2022-11-04T00:45:42.438Z[UTC]",
    "searchQuery" : "v",
    "searchInteractionURIs" : [
    ]
  },
  {
    "platform" : "",
    "searchTime" : "2022-11-04T00:45:42.569Z[UTC]",
    "searchQuery" : "vi",
    "searchInteractionURIs" : [
    ]
  },
  {
    "platform" : "",
    "searchTime" : "2022-11-04T00:45:42.938Z[UTC]",
    "searchQuery" : "vib",
    "searchInteractionURIs" : [
    ]
  },
  {
    "platform" : "IPHONE",
    "searchTime" : "2022-11-04T00:45:43.120Z[UTC]",
    "searchQuery" : "vib",
    "searchInteractionURIs" : [
      "spotify:playlist:2hQUUdvjM7AxAiVqZKQDq7"
    ]
  },
  {
    "platform" : "WIN32_X86",
    "searchTime" : "2022-11-04T16:41:10.233Z[UTC]",
    "searchQuery" : "view b",
    "searchInteractionURIs" : [
    ]
  },
  {
    "platform" : "WIN32_X86",
    "searchTime" : "2022-11-04T16:41:45.647Z[UTC]",
    "searchQuery" : "view between",
    "searchInteractionURIs" : [
    ]
  },
  {
    "platform" : "IPHONE",
    "searchTime" : "2022-11-05T17:46:31.589Z[UTC]",
    "searchQuery" : "timber ke",
    "searchInteractionURIs" : [
      "spotify:track:3cHyrEgdyYRjgJKSOiOtcS",
      "spotify:track:3cHyrEgdyYRjgJKSOiOtcS"
    ]
  },
  {
    "platform" : "IPHONE",
    "searchTime" : "2022-11-05T17:48:28.996Z[UTC]",
    "searchQuery" : "king ",
    "searchInteractionURIs" : [
      "spotify:artist:6XYvaoDGE0VmRt83Jss9Sn"
    ]
  },
  {
    "platform" : "WIN32_X86",
    "searchTime" : "2022-11-10T17:06:42.569Z[UTC]",
    "searchQuery" : "arc",
    "searchInteractionURIs" : [
    ]
  },
  {
    "platform" : "IPHONE",
    "searchTime" : "2022-11-11T02:18:21.290Z[UTC]",
    "searchQuery" : "insude",
    "searchInteractionURIs" : [
      "spotify:album:1m44SygOrmURyQXnYYq59H"
    ]
  },
  {
    "platform" : "IPHONE_ARM64",
    "searchTime" : "2022-11-13T02:22:11.398Z[UTC]",
    "searchQuery" : "love ",
    "searchInteractionURIs" : [
    ]
  },
  {
    "platform" : "IPHONE_ARM64",
    "searchTime" : "2022-11-13T02:22:12.047Z[UTC]",
    "searchQuery" : "love lo",
    "searchInteractionURIs" : [
    ]
  },
  {
    "platform" : "IPHONE",
    "searchTime" : "2022-11-13T02:22:13.345Z[UTC]",
    "searchQuery" : "love lock",
    "searchInteractionURIs" : [
      "spotify:track:1kxeWHF9PrCVZHvVskv8lg"
    ]
  },
  {
    "platform" : "IPHONE_ARM64",
    "searchTime" : "2022-11-13T13:09:06.213Z[UTC]",
    "searchQuery" : "fiv",
    "searchInteractionURIs" : [
    ]
  },
  {
    "platform" : "IPHONE",
    "searchTime" : "2022-11-13T13:09:07.325Z[UTC]",
    "searchQuery" : "fivethirt",
    "searchInteractionURIs" : [
      "spotify:show:3C0iP88KSoGZk5KNWmuyF1"
    ]
  },
  {
    "platform" : "IPHONE",
    "searchTime" : "2022-11-13T13:10:04.126Z[UTC]",
    "searchQuery" : "dreamla",
    "searchInteractionURIs" : [
      "spotify:album:5bfpRtBW7RNRdsm3tRyl3R"
    ]
  },
  {
    "platform" : "IPHONE_ARM64",
    "searchTime" : "2022-11-13T13:10:23.148Z[UTC]",
    "searchQuery" : "nos",
    "searchInteractionURIs" : [
    ]
  },
  {
    "platform" : "IPHONE_ARM64",
    "searchTime" : "2022-11-13T13:10:23.259Z[UTC]",
    "searchQuery" : "nost",
    "searchInteractionURIs" : [
    ]
  },
  {
    "platform" : "IPHONE",
    "searchTime" : "2022-11-13T13:10:23.859Z[UTC]",
    "searchQuery" : "nostal",
    "searchInteractionURIs" : [
      "spotify:playlist:3tXwPmcUdpbyW90cxBrJL1"
    ]
  },
  {
    "platform" : "IPHONE",
    "searchTime" : "2022-11-13T20:07:39.150Z[UTC]",
    "searchQuery" : "dea",
    "searchInteractionURIs" : [
      "spotify:artist:0YrtvWJMgSdVrk3SfNjTbx"
    ]
  },
  {
    "platform" : "IPHONE",
    "searchTime" : "2022-11-13T20:07:46.604Z[UTC]",
    "searchQuery" : "dea",
    "searchInteractionURIs" : [
      "spotify:playlist:5mewv3pqjuMX1bwRqhVLBS"
    ]
  },
  {
    "platform" : "WIN32_X86",
    "searchTime" : "2022-11-16T20:44:24.963Z[UTC]",
    "searchQuery" : "dawe",
    "searchInteractionURIs" : [
    ]
  },
  {
    "platform" : "IPHONE",
    "searchTime" : "2022-11-18T01:40:15.421Z[UTC]",
    "searchQuery" : "crim",
    "searchInteractionURIs" : [
      "spotify:show:4IbS9vnPhqAhWRwLUv5d0i"
    ]
  },
  {
    "platform" : "IPHONE",
    "searchTime" : "2022-11-20T20:37:14.018Z[UTC]",
    "searchQuery" : "de",
    "searchInteractionURIs" : [
      "spotify:playlist:5mewv3pqjuMX1bwRqhVLBS"
    ]
  },
  {
    "platform" : "IPHONE_ARM64",
    "searchTime" : "2022-11-21T13:31:30.775Z[UTC]",
    "searchQuery" : "chet",
    "searchInteractionURIs" : [
    ]
  },
  {
    "platform" : "IPHONE",
    "searchTime" : "2022-11-21T13:31:31.192Z[UTC]",
    "searchQuery" : "chet ",
    "searchInteractionURIs" : [
      "spotify:artist:6UcJxoeHWWWyT5HZP064om"
    ]
  },
  {
    "platform" : "IPHONE",
    "searchTime" : "2022-11-21T20:32:05.699Z[UTC]",
    "searchQuery" : "w",
    "searchInteractionURIs" : [
    ]
  },
  {
    "platform" : "IPHONE_ARM64",
    "searchTime" : "2022-11-21T20:32:06.736Z[UTC]",
    "searchQuery" : "we we",
    "searchInteractionURIs" : [
    ]
  },
  {
    "platform" : "IPHONE",
    "searchTime" : "2022-11-22T15:42:51.428Z[UTC]",
    "searchQuery" : "we ",
    "searchInteractionURIs" : [
      "spotify:episode:50X1GRxzn24PCc7YYrUkp2"
    ]
  },
  {
    "platform" : "IPHONE_ARM64",
    "searchTime" : "2022-11-22T15:54:11.659Z[UTC]",
    "searchQuery" : "PO",
    "searchInteractionURIs" : [
    ]
  },
  {
    "platform" : "IPHONE_ARM64",
    "searchTime" : "2022-11-22T15:54:14.144Z[UTC]",
    "searchQuery" : "ove",
    "searchInteractionURIs" : [
    ]
  },
  {
    "platform" : "IPHONE_ARM64",
    "searchTime" : "2022-11-22T15:54:16.684Z[UTC]",
    "searchQuery" : "overca",
    "searchInteractionURIs" : [
    ]
  },
  {
    "platform" : "IPHONE",
    "searchTime" : "2022-11-25T03:05:29.767Z[UTC]",
    "searchQuery" : "the harder ",
    "searchInteractionURIs" : [
      "spotify:album:4oxdKcC9epGo9viy1j8fN7",
      "spotify:track:2XIr0KTybGQsC1SFfeaZhI"
    ]
  },
  {
    "platform" : "IPHONE",
    "searchTime" : "2022-11-26T13:13:41.906Z[UTC]",
    "searchQuery" : "baby got back",
    "searchInteractionURIs" : [
      "spotify:track:1SAkL1mYNJlaqnBQxVZrRl",
      "spotify:track:1SAkL1mYNJlaqnBQxVZrRl",
      "spotify:track:1SAkL1mYNJlaqnBQxVZrRl"
    ]
  },
  {
    "platform" : "IPHONE",
    "searchTime" : "2022-11-29T21:21:28.637Z[UTC]",
    "searchQuery" : "gl",
    "searchInteractionURIs" : [
      "spotify:artist:4yvcSjfu4PC0CYQyLy4wSq"
    ]
  },
  {
    "platform" : "IPHONE_ARM64",
    "searchTime" : "2022-11-30T21:52:59.717Z[UTC]",
    "searchQuery" : "g",
    "searchInteractionURIs" : [
    ]
  },
  {
    "platform" : "IPHONE",
    "searchTime" : "2022-11-30T21:53:00.443Z[UTC]",
    "searchQuery" : "gordi",
    "searchInteractionURIs" : [
      "spotify:artist:6UBMFaCTZnL1Hr1nTOEblM"
    ]
  },
  {
    "platform" : "IPHONE_ARM64",
    "searchTime" : "2022-12-01T14:26:50.732Z[UTC]",
    "searchQuery" : "cla",
    "searchInteractionURIs" : [
    ]
  },
  {
    "platform" : "IPHONE",
    "searchTime" : "2022-12-01T14:26:51.047Z[UTC]",
    "searchQuery" : "clairo",
    "searchInteractionURIs" : [
      "spotify:artist:3l0CmX0FuQjFxr8SK7Vqag"
    ]
  },
  {
    "platform" : "IPHONE_ARM64",
    "searchTime" : "2022-12-01T17:32:38.835Z[UTC]",
    "searchQuery" : "armchair exper",
    "searchInteractionURIs" : [
    ]
  },
  {
    "platform" : "IPHONE_ARM64",
    "searchTime" : "2022-12-01T17:32:40.422Z[UTC]",
    "searchQuery" : "armchair expert h",
    "searchInteractionURIs" : [
    ]
  },
  {
    "platform" : "IPHONE_ARM64",
    "searchTime" : "2022-12-01T17:32:40.806Z[UTC]",
    "searchQuery" : "armchair expert has",
    "searchInteractionURIs" : [
    ]
  },
  {
    "platform" : "IPHONE",
    "searchTime" : "2022-12-01T17:32:41.174Z[UTC]",
    "searchQuery" : "armchair expert hasab",
    "searchInteractionURIs" : [
      "spotify:episode:460tjAJ3v8C6x8DeL2Zn7K"
    ]
  },
  {
    "platform" : "IPHONE",
    "searchTime" : "2022-12-03T16:26:28.205Z[UTC]",
    "searchQuery" : "hannuk",
    "searchInteractionURIs" : [
      "spotify:track:6doSV1UQjyKxiNCnBnDTeG"
    ]
  },
  {
    "platform" : "IPHONE_ARM64",
    "searchTime" : "2022-12-04T02:27:42.429Z[UTC]",
    "searchQuery" : "christ",
    "searchInteractionURIs" : [
    ]
  },
  {
    "platform" : "IPHONE_ARM64",
    "searchTime" : "2022-12-04T02:27:44.511Z[UTC]",
    "searchQuery" : "christmas ",
    "searchInteractionURIs" : [
    ]
  },
  {
    "platform" : "IPHONE_ARM64",
    "searchTime" : "2022-12-04T02:57:37.918Z[UTC]",
    "searchQuery" : "wii s",
    "searchInteractionURIs" : [
    ]
  },
  {
    "platform" : "IPHONE_ARM64",
    "searchTime" : "2022-12-04T02:58:07.382Z[UTC]",
    "searchQuery" : "christ",
    "searchInteractionURIs" : [
    ]
  },
  {
    "platform" : "IPHONE_ARM64",
    "searchTime" : "2022-12-04T03:01:50.776Z[UTC]",
    "searchQuery" : "wii",
    "searchInteractionURIs" : [
    ]
  },
  {
    "platform" : "IPHONE_ARM64",
    "searchTime" : "2022-12-04T03:01:51.144Z[UTC]",
    "searchQuery" : "wii ",
    "searchInteractionURIs" : [
    ]
  },
  {
    "platform" : "IPHONE_ARM64",
    "searchTime" : "2022-12-04T03:01:52.221Z[UTC]",
    "searchQuery" : "wii so",
    "searchInteractionURIs" : [
    ]
  },
  {
    "platform" : "IPHONE_ARM64",
    "searchTime" : "2022-12-04T03:01:56.209Z[UTC]",
    "searchQuery" : "wii so",
    "searchInteractionURIs" : [
    ]
  },
  {
    "platform" : "IPHONE_ARM64",
    "searchTime" : "2022-12-04T03:01:56.358Z[UTC]",
    "searchQuery" : "wii s",
    "searchInteractionURIs" : [
    ]
  },
  {
    "platform" : "IPHONE_ARM64",
    "searchTime" : "2022-12-05T15:07:21.213Z[UTC]",
    "searchQuery" : "if books could kill",
    "searchInteractionURIs" : [
    ]
  },
  {
    "platform" : "IPHONE_ARM64",
    "searchTime" : "2022-12-05T15:07:26.883Z[UTC]",
    "searchQuery" : "if books could kill th g",
    "searchInteractionURIs" : [
    ]
  },
  {
    "platform" : "IPHONE_ARM64",
    "searchTime" : "2022-12-05T15:07:27.179Z[UTC]",
    "searchQuery" : "if books could kill the ",
    "searchInteractionURIs" : [
    ]
  },
  {
    "platform" : "IPHONE_ARM64",
    "searchTime" : "2022-12-05T15:07:27.260Z[UTC]",
    "searchQuery" : "if books could kill the fan",
    "searchInteractionURIs" : [
    ]
  },
  {
    "platform" : "IPHONE",
    "searchTime" : "2022-12-05T15:07:29.661Z[UTC]",
    "searchQuery" : "if books could kill the game",
    "searchInteractionURIs" : [
      "spotify:episode:04VU0fTqWbUlGiM4jnuzhl"
    ]
  },
  {
    "platform" : "IPHONE",
    "searchTime" : "2022-12-06T01:43:20.599Z[UTC]",
    "searchQuery" : "American football",
    "searchInteractionURIs" : [
      "spotify:artist:5FwydyGVcsQllnM4xM6jw4"
    ]
  },
  {
    "platform" : "WIN32_X86",
    "searchTime" : "2022-12-07T18:58:45.823Z[UTC]",
    "searchQuery" : "king gizz",
    "searchInteractionURIs" : [
    ]
  },
  {
    "platform" : "IPHONE",
    "searchTime" : "2022-12-08T12:12:24.288Z[UTC]",
    "searchQuery" : "bod",
    "searchInteractionURIs" : [
      "spotify:track:3nqQXoyQOWXiESFLlDF1hG"
    ]
  }
]